{
    "test_loss": 0.7976403832435608,
    "test_acc": 0.22580645161290322,
    "test_prec": 0.0509885535900104,
    "test_rec": 0.22580645161290322,
    "test_f1": 0.0831918505942275,
    "test_auc": 0.6889880952380952
}