{
    "val_acc": {
        "mean": 0.8843251886893402,
        "ci95_low": 0.8690401374637305,
        "ci95_high": 0.8996102399149498
    },
    "bal_acc": {
        "mean": 0.8942634733734438,
        "ci95_low": 0.8832397396367087,
        "ci95_high": 0.905287207110179
    },
    "mcc": {
        "mean": 0.7582863208627371,
        "ci95_low": 0.7332925212902356,
        "ci95_high": 0.7832801204352385
    },
    "auc": {
        "mean": 0.9691838986001433,
        "ci95_low": 0.9634600289755062,
        "ci95_high": 0.9749077682247804
    },
    "aucpr": {
        "mean": 0.9349231154651589,
        "ci95_low": 0.9234266217454927,
        "ci95_high": 0.9464196091848252
    }
}