{
  "rf": {
    "bal_acc_mean": 0.6099473684210526,
    "bal_acc_std": 0.046105727537115025,
    "macro_f1_mean": 0.6105684066811591,
    "macro_f1_std": 0.05033069920558441,
    "auc_mean": 0.6639440267335004,
    "auc_std": 0.05625133171364916
  },
  "xgb": {
    "bal_acc_mean": 0.6224999999999999,
    "bal_acc_std": 0.0573024679233065,
    "macro_f1_mean": 0.6197945872409318,
    "macro_f1_std": 0.06457681782481761,
    "auc_mean": 0.6591461988304094,
    "auc_std": 0.0613791144804297
  }
}