Model,Metric Source,ACC,BAL_ACC,AUC,AUPRC,MCC,PREC,REC,F1,MACRO_F1
DL,test,0.22580645161290322,,0.6889880952380952,,,0.0509885535900104,0.22580645161290322,0.0831918505942275,
DL (CV mean),cv_mean,0.8843251886893402,0.8942634733734438,0.9691838986001433,0.9349231154651589,0.7582863208627371,,,,
ML RF (CV mean),cv_mean,,0.6099473684210526,0.6639440267335004,,,,,,0.6105684066811591
ML XGB (CV mean),cv_mean,,0.6224999999999999,0.6591461988304094,,,,,,0.6197945872409318
