{
    "val_acc": {
        "mean": 0.9320987654320988,
        "ci95_low": 0.916990087666267,
        "ci95_high": 0.9472074431979306
    },
    "bal_acc": {
        "mean": 0.949704051796157,
        "ci95_low": 0.9395301743064104,
        "ci95_high": 0.9598779292859037
    },
    "mcc": {
        "mean": 0.8618609906199199,
        "ci95_low": 0.8343793525326858,
        "ci95_high": 0.8893426287071541
    },
    "auc": {
        "mean": 0.9965001392369814,
        "ci95_low": 0.9952773660669841,
        "ci95_high": 0.9977229124069787
    },
    "aucpr": {
        "mean": 0.9922358206714925,
        "ci95_low": 0.9894926403163103,
        "ci95_high": 0.9949790010266747
    }
}